team_id,display_name,flair_name,conference,location,year_start,year_end,color
abilene-christian,Abilene Christian,Abilene Christian Wildcats,Southland,"Abilene, Texas",1971,2020,#4e2583
air-force,Air Force,Air Force Falcons,MWC,"USAF Academy, Colorado",1958,2020,#0061aa
akron,Akron,Akron Zips,MAC,"Akron, Ohio",1902,2020,#a89968
alabama-am,Alabama A&M,,SWAC,"Normal, Alabama",2000,2020,#661012
alabama,Alabama,Alabama Crimson Tide,SEC,"Tuscaloosa, Alabama",1913,2020,#aa1c37
alabama-state,Alabama St.,Alabama State Hornets,SWAC,"Montgomery, Alabama",1983,2020,#231f20
alabama-birmingham,UAB,UAB Blazers,CUSA,"Birmingham, Alabama",1980,2020,#221e1f
albany-ny,Albany,,AEC,"Albany, New York",2000,2020,#401e6b
alcorn-state,Alcorn St.,,SWAC,"Alcorn State, Mississippi",1978,2020,#42134b
american,American,American University Eagles,Patriot,"Washington, District of Columbia",1967,2020,#21428b
appalachian-state,Appalachian St.,Appalachian State Mountaineers,Sun Belt,"Boone, North Carolina",1974,2020,#ffd602
arizona-state,Arizona St.,Arizona State Sun Devils,Pac-12,"Tempe, Arizona",1912,2020,#ffcd34
arizona,Arizona,Arizona Wildcats,Pac-12,"Tucson, Arizona",1905,2020,#09326a
arkansas,Arkansas,Arkansas Razorbacks,SEC,"Fayetteville, Arkansas",1924,2020,#d31145
arkansas-state,Arkansas St.,Arkansas State Red Wolves,Sun Belt,"State University, Arkansas",1971,2020,#ec1b2e
arkansas-pine-bluff,Arkansas Pine Bluff,,SWAC,"Pine Bluff, Arkansas",1999,2020,#f0b510
army,Army,Army West Point,Patriot,"West Point, New York",1903,2020,#000000
auburn,Auburn,Auburn Tigers,SEC,"Auburn, Alabama",1906,2020,#183562
austin-peay,Austin Peay,Austin Peay Governors,OVC,"Clarksville, Tennessee",1964,2020,#c51f33
ball-state,Ball St.,Ball State Cardinals,MAC,"Muncie, Indiana",1972,2020,#e52d3b
baylor,Baylor,Baylor Bears,Big 12,"Waco, Texas",1907,2020,#004933
belmont,Belmont,Belmont Bruins,OVC,"Nashville, Tennessee",2000,2020,#3c3968
bethune-cookman,Bethune Cookman,Bethune-Cookman Wildcats,MEAC,"Daytona Beach, Florida",1981,2020,#71283f
binghamton,Binghamton,Binghamton Bearcats,AEC,"Binghamton, New York",2002,2020,#000000
birmingham-southern,Birmingham Southern,,Big South,"Birmingham, Alabama",1920,2006,
boise-state,Boise St.,Boise State Broncos,MWC,"Boise, Idaho",1972,2020,#09539f
boston-college,Boston College,Boston College Eagles,ACC,"Chestnut Hill, Massachusetts",1946,2020,#840317
boston-university,Boston University,Boston University Terriers,Patriot,"Boston, Massachusetts",1916,2020,#d90229
bowling-green-state,Bowling Green,Bowling Green Falcons,MAC,"Bowling Green, Ohio",1916,2020,#532e1c
bradley,Bradley,Bradley Braves,MVC,"Peoria, Illinois",1903,2020,#d1202e
brigham-young,BYU,BYU Cougars,WCC,"Provo, Utah",1903,2020,#003468
brown,Brown,Brown Bears,Ivy,"Providence, Rhode Island",1901,2020,#892b24
bryant,Bryant,Bryant Bulldogs,NEC,"Smithfield, Rhode Island",2011,2020,#a7967a
bucknell,Bucknell,Bucknell Bison,Patriot,"Lewisburg, Pennsylvania",1896,2020,#f47937
buffalo,Buffalo,Buffalo Bulls,MAC,"Buffalo, New York",1907,2020,#7ca5d4
butler,Butler,Butler Bulldogs,Big East,"Indianapolis, Indiana",1897,2020,#1b3864
cal-poly,Cal Poly,Cal Poly Mustangs,Big West,"San Luis Obispo, California",1995,2020,#004f37
cal-state-bakersfield,Cal St. Bakersfield,,WAC,"Bakersfield, California",2011,2020,#5b91d0
cal-state-fullerton,Cal St. Fullerton,,Big West,"Fullerton, California",1975,2020,#004071
long-beach-state,Long Beach St.,Long Beach State 49ers,Big West,"Long Beach, California",1970,2020,#000000
cal-state-northridge,Cal St. Northridge,,Big West,"Northridge, California",1991,2020,#d22030
california-baptist,Cal Baptist,California Baptist Lancers,WAC,"Riverside, California",2019,2020,#002554
campbell,Campbell,Campbell Fighting Camels,A-Sun,"Buies Creek, North Carolina",1978,2020,#f68026
canisius,Canisius,Canisius Golden Griffins,MAAC,"Buffalo, New York",1904,2020,#ecac1e
centenary-la,Centenary (LA),,Summit,"Shreveport, Louisiana",1960,2011,
central-arkansas,Central Arkansas,Central Arkansas Bears,Southland,"Conway, Arkansas",2011,2020,#4e2683
central-connecticut-state,Central Connecticut,,NEC,"New Britain, Connecticut",1987,2020,#00529b
central-florida,UCF,UCF Knights,AAC,"Orlando, Florida",1985,2020,#b59859
central-michigan,Central Michigan,Central Michigan Chippewas,MAC,"Mount Pleasant, Michigan",1974,2020,#6b0c25
charleston-southern,Charleston Southern,Charleston Southern Buccaneers,Big South,"Charleston, South Carolina",1975,2020,#002855
charlotte,Charlotte,Charlotte 49ers,A-10,"Charlotte, North Carolina",1973,2020,#00693f
chattanooga,Chattanooga,Chattanooga Mocs,Southern,"Chattanooga, Tennessee",1978,2020,#eeb311
chicago-state,Chicago St.,Chicago State Cougars,WAC,"Chicago, Illinois",1985,2020,#0d6c3a
cincinnati,Cincinnati,Cincinnati Bearcats,AAC,"Cincinnati, Ohio",1902,2020,#e51937
citadel,The Citadel,,Southern,"Charleston, South Carolina",1913,2020,#bebebe
clemson,Clemson,Clemson Tigers,ACC,"Clemson, South Carolina",1912,2020,#ee8032
cleveland-state,Cleveland St.,Cleveland State Vikings,Horizon,"Cleveland, Ohio",1973,2020,#03473a
coastal-carolina,Coastal Carolina,Coastal Carolina Chanticleers,Sun Belt,"Conway, South Carolina",1987,2020,#008185
colgate,Colgate,Colgate Raiders,Patriot,"Hamilton, New York",1901,2020,#86002f
college-of-charleston,Charleston,Charleston (SC) Cougars,CAA,"Charleston, South Carolina",1992,2020,#8b0b04
colorado,Colorado,Colorado Buffaloes,Pac-12,"Boulder, Colorado",1902,2020,#1b1d25
colorado-state,Colorado St.,Colorado State Rams,MWC,"Fort Collins, Colorado",1902,2020,#0f6149
columbia,Columbia,Columbia Lions,Ivy,"New York, New York",1901,2020,#044b85
connecticut,Connecticut,Connecticut Huskies,AAC,"Storrs, Connecticut",1901,2020,#152149
coppin-state,Coppin St.,Coppin State Eagles,MEAC,"Baltimore, Maryland",1986,2020,#16478d
cornell,Cornell,Cornell Big Red,Ivy,"Ithaca, New York",1899,2020,#e01a1d
creighton,Creighton,Creighton Bluejays,Big East,"Omaha, Nebraska",1912,2020,#6cadde
dartmouth,Dartmouth,Dartmouth Big Green,Ivy,"Hanover, New Hampshire",1900,2020,#04703c
davidson,Davidson,Davidson Wildcats,A-10,"Davidson, North Carolina",1909,2020,#e51a37
dayton,Dayton,Dayton Flyers,A-10,"Dayton, Ohio",1904,2020,#df1e36
delaware,Delaware,Delaware Fightin' Blue Hens,CAA,"Newark, Delaware",1906,2020,#047bbc
delaware-state,Delaware St.,,MEAC,"Dover, Delaware",1974,2020,#ee1b2e
denver,Denver,Denver Pioneers,Summit,"Denver, Colorado",1904,2020,#98012e
depaul,DePaul,DePaul Blue Demons,Big East,"Chicago, Illinois",1924,2020,#007ac2
detroit-mercy,Detroit,,Horizon,"Detroit, Michigan",1910,2020,#ae0940
drake,Drake,Drake Bulldogs,MVC,"Des Moines, Iowa",1907,2020,#b4b6bc
drexel,Drexel,Drexel Dragons,CAA,"Philadelphia, Pennsylvania",1895,2020,#043874
duke,Duke,Duke Blue Devils,ACC,"Durham, North Carolina",1906,2020,#00529c
duquesne,Duquesne,Duquesne Dukes,MW Coll,"Pittsburgh, Pennsylvania",1914,2020,#0e0345
east-carolina,East Carolina,ECU Pirates,AAC,"Greenville, North Carolina",1967,2020,#4f2684
east-tennessee-state,East Tennessee St.,East Tennessee State Buccaneers,A-Sun,"Johnson City, Tennessee",1959,2020,#002d62
eastern-illinois,Eastern Illinois,Eastern Illinois Panthers,OVC,"Charleston, Illinois",1982,2020,#1c2224
eastern-kentucky,Eastern Kentucky,Eastern Kentucky Colonels,OVC,"Richmond, Kentucky",1948,2020,#850033
eastern-michigan,Eastern Michigan,Eastern Michigan Eagles,MAC,"Ypsilanti, Michigan",1933,2020,#0d6a41
eastern-washington,Eastern Washington,Eastern Washington Eagles,Big Sky,"Cheney, Washington",1984,2020,#c41230
elon,Elon,Elon Phoenix,CAA,"Elon, North Carolina",2000,2020,#98012e
evansville,Evansville,Evansville Purple Aces,MVC,"Evansville, Indiana",1925,2020,#400e74
fairfield,Fairfield,Fairfield Stags,MAAC,"Fairfield, Connecticut",1965,2020,#b62248
fairleigh-dickinson,Fairleigh Dickinson,Fairleigh Dickinson Knights,NEC,"Teaneck, New Jersey",1968,2020,#00629f
florida-am,Florida A&M,Florida A&M Rattlers,Ind,"Tallahassee, Florida",1980,2020,#01804d
florida-atlantic,Florida Atlantic,,CUSA,"Boca Raton, Florida",1994,2020,#11547f
florida,Florida,Florida Gators,SEC,"Gainesville, Florida",1921,2020,#0d6a40
florida-gulf-coast,Florida Gulf Coast,Florida Gulf Coast Eagles,A-Sun,"Fort Myers, Florida",2011,2020,#008355
florida-international,FIU,,CUSA,"Miami, Florida",1988,2020,#002d62
florida-state,Florida St.,Florida State Seminoles,ACC,"Tallahassee, Florida",1957,2020,#862633
fordham,Fordham,Fordham Rams,A-10,"Bronx, New York",1903,2020,#7a102c
fresno-state,Fresno St.,Fresno State Bulldogs,MWC,"Fresno, California",1956,2020,#ec174f
furman,Furman,Furman Paladins,Southern,"Greenville, South Carolina",1920,2020,#34327c
gardner-webb,Gardner Webb,Gardner-Webb Runnin' Bulldogs,Big South,"Boiling Springs, North Carolina",2003,2020,#ad2730
george-mason,George Mason,George Mason Patriots,A-10,"Fairfax, Virginia",1979,2020,#faac2a
george-washington,George Washington,George Washington Colonials,A-10,"Washington, District of Columbia",1913,2020,#ded09f
georgetown,Georgetown,Georgetown Hoyas,Big East,"Washington, District of Columbia",1907,2020,#06143f
georgia,Georgia,Georgia Bulldogs,SEC,"Athens, Georgia",1906,2020,#142526
georgia-southern,Georgia Southern,Georgia Southern Eagles,Sun Belt,"Statesboro, Georgia",1972,2020,#1f3c73
georgia-state,Georgia St.,Georgia State Panthers,CAA,"Atlanta, Georgia",1974,2020,#0053a5
georgia-tech,Georgia Tech,Georgia Tech Yellow Jackets,ACC,"Atlanta, Georgia",1920,2020,#ebb72c
gonzaga,Gonzaga,Gonzaga Bulldogs,WCC,"Spokane, Washington",1944,2020,#c3c8cd
grambling,Grambling St.,,SWAC,"Grambling, Louisiana",1978,2020,#ffd204
grand-canyon,Grand Canyon,Grand Canyon Antelopes,WAC,"Phoenix, Arizona",2014,2020,#613494
green-bay,Green Bay,Green Bay Phoenix,Horizon,"Green Bay, Wisconsin",1982,2020,#006f51
hampton,Hampton,,Big South,"Hampton, Virginia",1996,2020,#00539d
hartford,Hartford,Hartford Hawks,AEC,"West Hartford, Connecticut",1985,2020,#d12030
harvard,Harvard,Harvard Crimson,Ivy,"Boston, Massachusetts",1901,2020,#c3161c
hawaii,Hawaii,Hawai'i Rainbow Warriors,Big West,"Honolulu, Hawaii",1971,2020,#017543
high-point,High Point,High Point Panthers,Big South,"High Point, North Carolina",2000,2020,#332a86
hofstra,Hofstra,Hofstra Pride,CAA,"Hempstead, New York",1943,2020,#0a4487
holy-cross,Holy Cross,Holy Cross Crusaders,Patriot,"Worcester, Massachusetts",1901,2020,#adadae
houston-baptist,Houston Baptist,,Southland,"Houston, Texas",1974,2020,#01529c
houston,Houston,Houston Cougars,AAC,"Houston, Texas",1951,2020,#8c0c04
howard,Howard,Howard Bison,MEAC,"Washington, District of Columbia",1974,2020,#dc0000
idaho-state,Idaho St.,Idaho State Bengals,Big Sky,"Pocatello, Idaho",1959,2020,#ff5b00
idaho,Idaho,Idaho Vandals,WAC,"Moscow, Idaho",1906,2020,#bc9b6a
illinois,Illinois,Illinois Fighting Illini,Big Ten,"Champaign, Illinois",1906,2020,#ea4b35
illinois-state,Illinois St.,Illinois State Redbirds,MVC,"Normal, Illinois",1899,2020,#221f20
illinois-chicago,Illinois Chicago,UIC Flames,Horizon,"Chicago, Illinois",1982,2020,#cc2044
incarnate-word,Incarnate Word,,Southland,"San Antonio, Texas",2014,2020,#e51b24
indiana,Indiana,Indiana Hoosiers,Big Ten,"Bloomington, Indiana",1901,2020,#b20838
indiana-state,Indiana St.,Indiana State Sycamores,MVC,"Terre Haute, Indiana",1900,2020,#125caa
iona,Iona,Iona Gaels,MAAC,"New Rochelle, New York",1954,2020,#900128
iowa,Iowa,Iowa Hawkeyes,Big Ten,"Iowa City, Iowa",1893,2020,#ffd204
iowa-state,Iowa St.,Iowa State Cyclones,Big 12,"Ames, Iowa",1908,2020,#fdc82f
iupui,IUPUI,IUPUI Jaguars,Horizon,"Indianapolis, Indiana",1999,2020,#ca7a16
jackson-state,Jackson St.,,SWAC,"Jackson, Mississippi",1978,2020,#1f3366
jacksonville,Jacksonville,,A-Sun,"Jacksonville, Florida",1967,2020,#055330
jacksonville-state,Jacksonville St.,Jacksonville State Gamecocks,OVC,"Jacksonville, Alabama",1996,2020,#de3c41
james-madison,James Madison,James Madison Dukes,CAA,"Harrisonburg, Virginia",1977,2020,#d39e0b
kansas,Kansas,Kansas Jayhawks,Big 12,"Lawrence, Kansas",1899,2020,#0069b3
kansas-state,Kansas St.,Kansas State Wildcats,Big 12,"Manhattan, Kansas",1906,2020,#4e2683
kennesaw-state,Kennesaw St.,Kennesaw State Owls,A-Sun,"Kennesaw, Georgia",2010,2020,#000000
kent-state,Kent St.,Kent State Golden Flashes,MAC,"Kent, Ohio",1914,2020,#141b5a
kentucky,Kentucky,Kentucky Wildcats,SEC,"Lexington, Kentucky",1903,2020,#0032a0
la-salle,La Salle,La Salle Explorers,A-10,"Philadelphia, Pennsylvania",1932,2020,#044674
lafayette,Lafayette,Lafayette Leopards,Patriot,"Easton, Pennsylvania",1901,2020,#961c30
lamar,Lamar,,Sun Belt,"Beaumont, Texas",1970,2020,#e41634
lehigh,Lehigh,Lehigh Mountain Hawks,Patriot,"Bethlehem, Pennsylvania",1902,2020,#cfab7a
liberty,Liberty,Liberty Flames,A-Sun,"Lynchburg, Virginia",1989,2020,#981a1d
lipscomb,Lipscomb,Lipscomb Bisons,A-Sun,"Nashville, Tennessee",2004,2020,#feb813
arkansas-little-rock,Little Rock,,Sun Belt,"Little Rock, Arkansas",1979,2020,#6f273a
long-island-university,LIU,,NEC,"Brooklyn, New York",1929,2020,#a1a2a4
longwood,Longwood,Longwood Lancers,Big South,"Farmville, Virginia",2008,2020,#091f40
louisiana-lafayette,Louisiana,,Sun Belt,"Lafayette, Louisiana",1972,2020,#d73f51
louisiana-state,LSU,LSU Tigers,SEC,"Baton Rouge, Louisiana",1909,2020,#4e2683
louisiana-tech,Louisiana Tech,Louisiana Tech Bulldogs,CUSA,"Ruston, Louisiana",1974,2020,#27377d
louisiana-monroe,Louisiana Monroe,,Sun Belt,"Monroe, Louisiana",1974,2020,#000000
louisville,Louisville,Louisville Cardinals,ACC,"Louisville, Kentucky",1912,2020,#d30e45
loyola-il,Loyola Chicago,Loyola Chicago Ramblers,MVC,"Chicago, Illinois",1921,2020,#571c20
loyola-md,Loyola MD,,Patriot,"Baltimore, Maryland",1908,2020,#106549
loyola-marymount,Loyola Marymount,Loyola Marymount Lions,WCC,"Los Angeles, California",1943,2020,#900028
maine,Maine,Maine Black Bears,AEC,"Orono, Maine",1904,2020,#adafb2
manhattan,Manhattan,Manhattan Jaspers,MAAC,"Riverdale, New York",1905,2020,#00703c
marist,Marist,Marist Red Foxes,MAAC,"Poughkeepsie, New York",1982,2020,#e51837
marquette,Marquette,Marquette Golden Eagles,Big East,"Milwaukee, Wisconsin",1917,2020,#FFCC00
marshall,Marshall,Marshall Thundering Herd,CUSA,"Huntington, West Virginia",1919,2020,#007631
maryland,Maryland,Maryland Terrapins,Big Ten,"College Park, Maryland",1924,2020,#e51937
maryland-baltimore-county,UMBC,UMBC Retrievers,AEC,"Baltimore, Maryland",1987,2020,#b38807
maryland-eastern-shore,Maryland Eastern Shore,,MEAC,"Princess Anne, Maryland",1974,2020,#99022f
massachusetts,Massachusetts,UMass Minutemen,A-10,"Amherst, Massachusetts",1926,2020,#b6b8ba
massachusetts-lowell,Massachusetts Lowell,,AEC,"Lowell, Massachusetts",1906,2020,#d63346
mcneese-state,McNeese St.,,Southland,"Lake Charles, Louisiana",1974,2020,#06559d
memphis,Memphis,Memphis Tigers,AAC,"Memphis, Tennessee",1956,2020,#044a8c
mercer,Mercer,Mercer Bears,Southern,"Macon, Georgia",1974,2020,#fe660d
merrimack,Merrimack,Merrimack Warriors,NEC,"North Andover, Massachusetts",2020,2020,#00337F
miami-fl,Miami FL,Miami Hurricanes,ACC,"Coral Gables, Florida",1949,2020,#005838
miami-oh,Miami OH,Miami (OH) RedHawks,MAC,"Oxford, Ohio",1906,2020,#d30224
michigan-state,Michigan St.,Michigan State Spartans,Big Ten,"East Lansing, Michigan",1899,2020,#025b40
michigan,Michigan,Michigan Wolverines,Big Ten,"Ann Arbor, Michigan",1918,2020,#ffd51d
middle-tennessee,Middle Tennessee,Middle Tennessee Blue Raiders,CUSA,"Murfreesboro, Tennessee",1959,2020,#0066a4
milwaukee,Milwaukee,Milwaukee Panthers,Horizon,"Milwaukee, Wisconsin",1974,2020,#000000
minnesota,Minnesota,Minnesota Golden Gophers,Big Ten,"Minneapolis, Minnesota",1896,2020,#840017
mississippi,Mississippi,Ole Miss Rebels,SEC,"University, Mississippi",1909,2020,#e61c39
mississippi-state,Mississippi St.,Mississippi State Bulldogs,SEC,"Mississippi State, Mississippi",1909,2020,#64262c
mississippi-valley-state,Mississippi Valley St.,,SWAC,"Itta Bena, Mississippi",1980,2020,#ee2e24
missouri-state,Missouri St.,Missouri State Bears,MVC,"Springfield, Missouri",1983,2020,#762123
missouri,Missouri,Missouri Tigers,SEC,"Columbia, Missouri",1907,2020,#e9af10
missouri-kansas-city,UMKC,UMKC Kangaroos,WAC,"Kansas City, Missouri",1990,2020,#00469c
monmouth,Monmouth,Monmouth Hawks,MAAC,"West Long Branch, New Jersey",1984,2020,#091f40
montana,Montana,Montana Grizzlies,Big Sky,"Missoula, Montana",1912,2020,#653f0b
montana-state,Montana St.,Montana State Bobcats,Big Sky,"Bozeman, Montana",1902,2020,#c08342
morehead-state,Morehead St.,,OVC,"Morehead, Kentucky",1956,2020,#005dab
morgan-state,Morgan St.,,MEAC,"Baltimore, Maryland",1985,2020,#e5be8c
morris-brown,Morris Brown,,Ind,"Atlanta, Georgia",2002,2003,
mount-st-marys,Mount St. Mary's,Mount St. Mary's Mountaineers,NEC,"Emmitsburg, Maryland",1989,2020,#005596
murray-state,Murray St.,Murray State Racers,OVC,"Murray, Kentucky",1954,2020,#fec52f
navy,Navy,Navy Midshipmen,Patriot,"Annapolis, Maryland",1908,2020,#0f285a
nebraska,Nebraska,Nebraska Cornhuskers,Big Ten,"Lincoln, Nebraska",1897,2020,#e03a3e
nevada,Nevada,Nevada Wolf Pack,MWC,"Reno, Nevada",1913,2020,#002e62
nevada-las-vegas,UNLV,UNLV Rebels,MWC,"Las Vegas, Nevada",1970,2020,#ce1041
new-hampshire,New Hampshire,New Hampshire Wildcats,AEC,"Durham, New Hampshire",1927,2020,#294b8e
new-mexico,New Mexico,New Mexico Lobos,MWC,"Albuquerque, New Mexico",1900,2020,#241f23
new-mexico-state,New Mexico St.,New Mexico State Aggies,WAC,"Las Cruces, New Mexico",1905,2020,#a30046
new-orleans,New Orleans,,Southland,"New Orleans, Louisiana",1976,2020,#0a3254
niagara,Niagara,Niagara Purple Eagles,MAAC,"Niagara University, New York",1906,2020,#342a7a
nicholls-state,Nicholls St.,,Southland,"Thibodaux, Louisiana",1981,2020,#c41230
njit,NJIT,NJIT Highlanders,A-Sun,"Newark, New Jersey",2010,2020,#012d6b
norfolk-state,Norfolk St.,Norfolk State Spartans,MEAC,"Norfolk, Virginia",1998,2020,#fae9b7
north-alabama,North Alabama,North Alabama Lions,A-Sun,"Florence, Alabama",2019,2020,#46166b
north-carolina-at,North Carolina A&T,North Carolina A&T Aggies,MEAC,"Greensboro, North Carolina",1974,2020,#fdb827
north-carolina-central,North Carolina Central,,Ind,"Durham, North Carolina",2011,2020,#99192f
north-carolina-state,N.C. State,NC State Wolfpack,ACC,"Raleigh, North Carolina",1913,2020,#e31836
north-carolina,North Carolina,North Carolina Tar Heels,ACC,"Chapel Hill, North Carolina",1911,2020,#99bfe5
north-carolina-asheville,UNC Asheville,,Big South,"Asheville, North Carolina",1987,2020,#005596
north-carolina-greensboro,UNC Greensboro,UNC Greensboro Spartans,Southern,"Greensboro, North Carolina",1992,2020,#1f3c73
north-carolina-wilmington,UNC Wilmington,,CAA,"Wilmington, North Carolina",1977,2020,#1a2857
north-dakota,North Dakota,North Dakota Fighting Hawks,Summit,"Grand Forks, North Dakota",1905,2020,#00a261
north-dakota-state,North Dakota St.,North Dakota State Bison,Summit,"Fargo, North Dakota",1898,2020,#00583d
north-florida,North Florida,North Florida Ospreys,A-Sun,"Jacksonville, Florida",2010,2020,#021a49
north-texas,North Texas,North Texas Mean Green,CUSA,"Denton, Texas",1922,2020,#00853e
northeastern,Northeastern,Northeastern Huskies,CAA,"Boston, Massachusetts",1938,2020,#e2383f
northern-arizona,Northern Arizona,Northern Arizona Lumberjacks,Big Sky,"Flagstaff, Arizona",1919,2020,#013e7f
northern-colorado,Northern Colorado,Northern Colorado Bears,Big Sky,"Greeley, Colorado",1911,2020,#ffb718
northern-illinois,Northern Illinois,Northern Illinois Huskies,MW Coll,"De Kalb, Illinois",1927,2020,#060709
northern-iowa,Northern Iowa,Northern Iowa Panthers,MVC,"Cedar Falls, Iowa",1981,2020,#473181
northern-kentucky,Northern Kentucky,Northern Kentucky Norse,Horizon,"Highland Heights, Kentucky",2013,2020,#fec52d
northwestern-state,Northwestern St.,Northwestern State Demons,Southland,"Natchitoches, Louisiana",1977,2020,#3f2876
northwestern,Northwestern,Northwestern Wildcats,Big Ten,"Evanston, Illinois",1905,2020,#431f81
notre-dame,Notre Dame,Notre Dame Fighting Irish,ACC,"Notre Dame, Indiana",1897,2020,#022d56
oakland,Oakland,Oakland Golden Grizzlies,Horizon,"Rochester, Michigan",2000,2020,#9b8449
ohio,Ohio,Ohio Bobcats,MAC,"Athens, Ohio",1908,2020,#006f51
ohio-state,Ohio St.,Ohio State Buckeyes,Big Ten,"Columbus, Ohio",1899,2020,#cf0f42
oklahoma,Oklahoma,Oklahoma Sooners,Big 12,"Norman, Oklahoma",1908,2020,#b20837
oklahoma-state,Oklahoma St.,Oklahoma State Cowboys,Big 12,"Stillwater, Oklahoma",1908,2020,#ff5a00
old-dominion,Old Dominion,Old Dominion Monarchs,CUSA,"Norfolk, Virginia",1977,2020,#004877
nebraska-omaha,Nebraska Omaha,Omaha Mavericks,Summit,"Omaha, Nebraska",2013,2020,#e5173f
oral-roberts,Oral Roberts,,Southland,"Tulsa, Oklahoma",1972,2020,#c67207
oregon,Oregon,Oregon Ducks,Pac-12,"Eugene, Oregon",1903,2020,#007550
oregon-state,Oregon St.,Oregon State Beavers,Pac-12,"Corvallis, Oregon",1902,2020,#e24407
pacific,Pacific,Pacific Tigers,WCC,"Stockton, California",1938,2020,#000000
penn-state,Penn St.,Penn State Nittany Lions,Big Ten,"University Park, Pennsylvania",1897,2020,#00275d
pennsylvania,Penn,Pennsylvania Quakers,Ivy,"Philadelphia, Pennsylvania",1897,2020,#06458a
pepperdine,Pepperdine,Pepperdine Waves,WCC,"Malibu, California",1944,2020,#1a427e
pittsburgh,Pittsburgh,Pittsburgh Panthers,ACC,"Pittsburgh, Pennsylvania",1906,2020,#0c233f
portland,Portland,Portland Pilots,WCC,"Portland, Oregon",1954,2020,#24205e
portland-state,Portland St.,Portland State Vikings,Big Sky,"Portland, Oregon",1973,2020,#104735
prairie-view,Prairie View A&M,Prairie View A&M Panthers,SWAC,"Prairie View, Texas",1981,2020,#1a427e
presbyterian,Presbyterian,Presbyterian Blue Hose,Big South,"Clinton, South Carolina",2011,2020,#0060aa
princeton,Princeton,Princeton Tigers,Ivy,"Princeton, New Jersey",1901,2020,#ec8e24
providence,Providence,Providence Friars,Big East,"Providence, Rhode Island",1929,2020,#b6b7bb
purdue,Purdue,Purdue Boilermakers,Big Ten,"West Lafayette, Indiana",1897,2020,#dcca95
ipfw,Purdue Fort Wayne,,Summit,"Fort Wayne, Indiana",2003,2020,#d0d1d3
quinnipiac,Quinnipiac,Quinnipiac Bobcats,MAAC,"Hamden, Connecticut",1999,2020,#153561
radford,Radford,Radford Highlanders,Big South,"Radford, Virginia",1985,2020,#e33c42
rhode-island,Rhode Island,Rhode Island Rams,A-10,"Kingston, Rhode Island",1904,2020,#0d166a
rice,Rice,Rice Owls,CUSA,"Houston, Texas",1915,2020,#003876
richmond,Richmond,Richmond Spiders,A-10,"Richmond, Virginia",1913,2020,#002a5c
rider,Rider,,MAAC,"Lawrenceville, New Jersey",1929,2020,#a91d36
robert-morris,Robert Morris,Robert Morris Colonials,NEC,"Moon Township, Pennsylvania",1977,2020,#183562
rutgers,Rutgers,Rutgers Scarlet Knights,Big Ten,"New Brunswick, New Jersey",1914,2020,#e51937
sacramento-state,Sacramento St.,Sacramento State Hornets,Big Sky,"Sacramento, California",1992,2020,#00573d
sacred-heart,Sacred Heart,Sacred Heart Pioneers,NEC,"Fairfield, Connecticut",2000,2020,#d01e43
saint-francis-pa,St. Francis PA,,NEC,"Loretto, Pennsylvania",1956,2020,#000000
saint-josephs,Saint Joseph's,St. Joseph's (PA) Hawks,A-10,"Philadelphia, Pennsylvania",1910,2020,#a4001d
saint-louis,Saint Louis,Saint Louis Billikens,A-10,"St. Louis, Missouri",1916,2020,#082b82
saint-marys-ca,Saint Mary's,St. Mary's (CA) Gaels,WCC,"Moraga, California",1910,2020,#d80024
saint-peters,Saint Peter's,,MAAC,"Jersey City, New Jersey",1966,2020,#107dc2
sam-houston-state,Sam Houston St.,Sam Houston State Bearkats,Southland,"Huntsville, Texas",1987,2020,#f78f1e
samford,Samford,,Southern,"Birmingham, Alabama",1973,2020,#002a5c
san-diego-state,San Diego St.,San Diego State Aztecs,MWC,"San Diego, California",1971,2020,#d6161b
san-diego,San Diego,San Diego Toreros,WCC,"San Diego, California",1980,2020,#003e7e
san-francisco,San Francisco,San Francisco Dons,WCC,"San Francisco, California",1924,2020,#fdba31
san-jose-state,San Jose St.,,MWC,"San Jose, California",1938,2020,#0362ac
santa-clara,Santa Clara,Santa Clara Broncos,WCC,"Santa Clara, California",1909,2020,#b2b4b8
savannah-state,Savannah St.,,MEAC,"Savannah, Georgia",2003,2019,#0154a5
seattle,Seattle,Seattle Redhawks,WAC,"Seattle, Washington",1953,2020,#ce143f
seton-hall,Seton Hall,Seton Hall Pirates,Big East,"South Orange, New Jersey",1909,2020,#0060a9
siena,Siena,Siena Saints,MAAC,"Loudonville, New York",1939,2020,#643313
south-alabama,South Alabama,South Alabama Jaguars,Sun Belt,"Mobile, Alabama",1972,2020,#003d7d
south-carolina,South Carolina,South Carolina Gamecocks,SEC,"Columbia, South Carolina",1909,2020,#000000
south-carolina-state,South Carolina St.,,MEAC,"Orangeburg, South Carolina",1972,2020,#90192b
south-carolina-upstate,USC Upstate,,Big South,"Spartanburg, South Carolina",2011,2020,#166936
south-dakota,South Dakota,South Dakota Coyotes,Summit,"Vermillion, South Dakota",2011,2020,#cd1041
south-dakota-state,South Dakota St.,South Dakota State Jackrabbits,Summit,"Brookings, South Dakota",2009,2020,#ffde00
south-florida,South Florida,USF Bulls,AAC,"Tampa, Florida",1974,2020,#00563f
southeast-missouri-state,Southeast Missouri St.,,OVC,"Cape Girardeau, Missouri",1992,2020,#e3373f
southeastern-louisiana,Southeastern Louisiana,Southeastern Louisiana Lions,Southland,"Hammond, Louisiana",1981,2020,#efb21b
southern-california,USC,USC Trojans,Pac-12,"Los Angeles, California",1907,2020,#a4001d
southern-illinois,Southern Illinois,Southern Illinois Salukis,MVC,"Carbondale, Illinois",1968,2020,#84263c
southern-illinois-edwardsville,SIU Edwardsville,,Ind,"Edwardsville, Illinois",2011,2020,#cfab78
southern,Southern,Southern Indiana Screaming Eagles,SWAC,"Baton Rouge, Louisiana",1978,2020,#00529b
southern-methodist,SMU,SMU Mustangs,AAC,"Dallas, Texas",1917,2020,#e11923
southern-mississippi,Southern Miss,,CUSA,"Hattiesburg, Mississippi",1967,2020,#ffc327
southern-utah,Southern Utah,Southern Utah Thunderbirds,Big Sky,"Cedar City, Utah",1989,2020,#cc0000
st-bonaventure,St. Bonaventure,St. Bonaventure Bonnies,A-10,"St. Bonaventure, New York",1920,2020,#65190f
st-francis-ny,St. Francis NY,,NEC,"Brooklyn Heights, New York",1902,2020,#e51836
st-johns-ny,St. John's,St. John's (NY) Red Storm,Big East,"Queens, New York",1908,2020,#d30c43
stanford,Stanford,Stanford Cardinal,Pac-12,"Stanford, California",1914,2020,#a80532
stephen-f-austin,Stephen F. Austin,Stephen F. Austin Lumberjacks,Southland,"Nacogdoches, Texas",1987,2020,#3a3c96
stetson,Stetson,Stetson Hatters,A-Sun,"DeLand, Florida",1972,2020,#d49d5d
stony-brook,Stony Brook,Stony Brook Seawolves,AEC,"Stony Brook, New York",2000,2020,#b71237
syracuse,Syracuse,Syracuse Orange,ACC,"Syracuse, New York",1901,2020,#ff5e15
temple,Temple,Temple Owls,AAC,"Philadelphia, Pennsylvania",1895,2020,#960e30
tennessee-state,Tennessee St.,,OVC,"Nashville, Tennessee",1978,2020,#25377c
tennessee-tech,Tennessee Tech,Tennessee Tech Golden Eagles,OVC,"Cookeville, Tennessee",1944,2020,#670099
tennessee,Tennessee,Tennessee Volunteers,SEC,"Knoxville, Tennessee",1909,2020,#f58220
tennessee-martin,Tennessee Martin,,OVC,"Martin, Tennessee",1993,2020,#012466
texas-am,Texas A&M,Texas A&M Aggies,SEC,"College Station, Texas",1913,2020,#782125
texas-am-corpus-christi,Texas A&M Corpus Chris,Texas A&M-Corpus Christi Islanders,Southland,"Corpus Christi, Texas",2003,2020,#0068af
texas-christian,TCU,TCU Horned Frogs,Big 12,"Fort Worth, Texas",1914,2020,#502e84
texas,Texas,Texas Longhorns,Big 12,"Austin, Texas",1906,2020,#e06f1f
texas-southern,Texas Southern,Texas Southern Tigers,SWAC,"Houston, Texas",1978,2020,#b2b7bb
texas-state,Texas St.,Texas State Bobcats,Sun Belt,"San Marcos, Texas",1985,2020,#571c1f
texas-tech,Texas Tech,Texas Tech Red Raiders,Big 12,"Lubbock, Texas",1926,2020,#de1d1d
texas-arlington,UT Arlington,UT Arlington Mavericks,Sun Belt,"Arlington, Texas",1969,2020,#f47816
texas-el-paso,UTEP,,CUSA,"El Paso, Texas",1923,2020,#002d62
texas-pan-american,UT Rio Grande Valley,,WAC,"Edinburg, Texas",1969,2020,#107a49
texas-san-antonio,UTSA,,CUSA,"San Antonio, Texas",1982,2020,#002a5c
toledo,Toledo,Toledo Rockets,MAC,"Toledo, Ohio",1916,2020,#ffd520
towson,Towson,Towson Tigers,CAA,"Towson, Maryland",1980,2020,#262223
troy,Troy,Troy Trojans,Sun Belt,"Troy, Alabama",1994,2020,#ac2c41
tulane,Tulane,Tulane Green Wave,AAC,"New Orleans, Louisiana",1906,2020,#005837
tulsa,Tulsa,Tulsa Golden Hurricane,AAC,"Tulsa, Oklahoma",1914,2020,#ef3e33
california-davis,UC Davis,,Big West,"Davis, California",2008,2020,#1b3563
california-irvine,UC Irvine,UC Irvine Anteaters,Big West,"Irvine, California",1978,2020,#0d2240
california-riverside,UC Riverside,,Big West,"Riverside, California",2002,2020,#fdb813
california-santa-barbara,UC Santa Barbara,UCSB Gauchos,Big West,"Santa Barbara, California",1964,2020,#1d0f60
ucla,UCLA,UCLA Bruins,Pac-12,"Los Angeles, California",1920,2020,#215d9e
california,California,California Golden Bears,Pac-12,"Berkeley, California",1908,2020,#293074
utah-state,Utah St.,Utah State Aggies,MWC,"Logan, Utah",1904,2020,#113257
utah,Utah,Utah Utes,Pac-12,"Salt Lake City, Utah",1909,2020,#cc0000
utah-valley,Utah Valley,Utah Valley Wolverines,WAC,"Orem, Utah",2010,2020,#004812
valparaiso,Valparaiso,Valparaiso Crusaders,MVC,"Valparaiso, Indiana",1918,2020,#ffda00
vanderbilt,Vanderbilt,Vanderbilt Commodores,SEC,"Nashville, Tennessee",1901,2020,#000000
vermont,Vermont,Vermont Catamounts,AEC,"Burlington, Vermont",1921,2020,#005838
villanova,Villanova,Villanova Wildcats,Big East,"Villanova, Pennsylvania",1921,2020,#13b5ea
virginia,Virginia,Virginia Cavaliers,ACC,"Charlottesville, Virginia",1906,2020,#fd5415
virginia-commonwealth,VCU,VCU Rams,A-10,"Richmond, Virginia",1974,2020,#fab102
virginia-military-institute,VMI,,Big South,"Lexington, Virginia",1909,2020,#c3403c
virginia-tech,Virginia Tech,Virginia Tech Hokies,ACC,"Blacksburg, Virginia",1909,2020,#84023c
wagner,Wagner,,NEC,"Staten Island, New York",1966,2020,#003c2c
wake-forest,Wake Forest,Wake Forest Demon Deacons,ACC,"Winston-Salem, North Carolina",1906,2020,#9e7e38
washington,Washington,Washington Huskies,Pac-12,"Seattle, Washington",1896,2020,#3f366a
washington-state,Washington St.,Washington State Cougars,Pac-12,"Pullman, Washington",1902,2020,#a80532
weber-state,Weber St.,Weber State Wildcats,Big Sky,"Ogden, Utah",1964,2020,#93959b
west-virginia,West Virginia,West Virginia Mountaineers,Big 12,"Morgantown, West Virginia",1904,2020,#002855
western-carolina,Western Carolina,Western Carolina Catamounts,Southern,"Cullowhee, North Carolina",1977,2020,#4a3292
western-illinois,Western Illinois,Western Illinois Leathernecks,Summit,"Macomb, Illinois",1982,2020,#542989
western-kentucky,Western Kentucky,WKU Hilltoppers,CUSA,"Bowling Green, Kentucky",1922,2020,#c6003c
western-michigan,Western Michigan,Western Michigan Broncos,MAC,"Kalamazoo, Michigan",1914,2020,#231f20
wichita-state,Wichita St.,Wichita State Shockers,AAC,"Wichita, Kansas",1906,2020,#030607
william-mary,William & Mary,William & Mary Tribe,CAA,"Williamsburg, Virginia",1906,2020,#115c30
winthrop,Winthrop,Winthrop Eagles,Big South,"Rock Hill, South Carolina",1987,2020,#fdb829
wisconsin,Wisconsin,Wisconsin Badgers,Big Ten,"Madison, Wisconsin",1899,2020,#d31145
wofford,Wofford,Wofford Terriers,Southern,"Spartanburg, South Carolina",1996,2020,#040707
wright-state,Wright St.,Wright State Raiders,Horizon,"Dayton, Ohio",1988,2020,#ffe098
wyoming,Wyoming,Wyoming Cowboys,MWC,"Laramie, Wyoming",1905,2020,#513629
xavier,Xavier,Xavier Musketeers,Big East,"Cincinnati, Ohio",1920,2020,#01296f
yale,Yale,Yale Bulldogs,Ivy,"New Haven, Connecticut",1896,2020,#1c3769
youngstown-state,Youngstown St.,Youngstown State Penguins,Horizon,"Youngstown, Ohio",1948,2020,#dd1834
